gene	logFC	FDR	pvalue
HYPM	-4.120358998575	0.0169843910005534	0.00421679498066634
TP53I11	0.252890490725	0.204386197813721	0.171234269894531
TIMM10B	-0.877449481175	0.0336477706252755	0.0165046390916804
F12	-0.771013646975	0.0330767732302392	0.0158112668629341
VPS8	-1.377277014925	0.0164622133735467	0.00374809322344143
RARA	1.749813692225	0.0145209205589101	0.00212475016516954
CTIF	-1.016866811575	0.0250128336787768	0.0104079416557886
YAP1	0.546473472575	0.0579301918180056	0.0364293712077479
RIMKLB	2.806919932675	0.0145209205589101	0.000629216460587784
LSM11	-2.574954432075	0.0145209205589101	0.000848990654980368
NELL1	2.839707781475	0.0226388849616179	0.00889384766349275
AP2A1	-1.636677781875	0.014814105754424	0.00245634708410188
CNP	-1.085927747075	0.100967936325603	0.0747082514257568
CCDC84	0.804991038125	0.0320184609929704	0.0150086535904549
SARNP	0.071241896925	0.738495504810652	0.706625907132811
DDTL	0.453694451725	0.0794429709773645	0.0554092433199519
TCERG1	1.158178213775	0.0315114816059382	0.0147241149170604
TXNL4B	0.779325499675	0.0362088794848106	0.0185893800926483
CLN6	-1.369677636825	0.0364864462613238	0.0187861762000269
EPM2AIP1	-0.289675400725	0.175668236024167	0.14325326390066
SRC	-2.563633353525	0.0145209205589101	0.000892339077809059
NDFIP1	1.270407119425	0.0221452353798832	0.00843597147351749
ENDOG	-2.484954061525	0.0145209205589101	0.000835669105748058
MIEN1	-1.073039932225	0.0221452353798832	0.00848371699645491
HR	-0.808011821175	0.0338489728886556	0.0166726339674777
MEDAG	1.373691719825	0.0169843910005534	0.00429664653287809
LRRC20	-1.233771299625	0.0199905808034652	0.00655375149194379
PKHD1L1	-0.638740083425	0.163005627896546	0.13098666527401
EXOC5	2.920376824725	0.0173899677897677	0.00459172849651608
TCEB3	-1.208650767375	0.0197584112150873	0.00602749151650727
XPO5	1.360206553775	0.0173878101132973	0.00447731147072715
PAPSS2	1.093377746875	0.116710016050705	0.0897132190309122
APRT	-1.482205524125	0.017828545137957	0.00489358475055698
ACTA2	0.490624783075	0.0925751390800421	0.0676404662028283
MB21D2	-0.522721982825	0.0887198052605215	0.0645595011493973
PGM2L1	1.622471194125	0.0152144367492461	0.00283775093091895
NOVA2	0.999565423225	0.0502971400770085	0.0305375493324694
AGXT	1.600671081675	0.017828545137957	0.0048383656661021
NYX	0.141740190975	0.420541761502209	0.381115971361377
CCDC126	1.402423788975	0.0221121293343875	0.00809461877419542
NINJ1	-2.331270985875	0.0199905808034652	0.00650284623041986
CAPRIN2	-4.052030756425	0.0158679515814144	0.00347111440843441
PAICS	-0.952716870775	0.036864199431435	0.0190355315516487
SRGAP3	0.993930850125	0.0283571159801731	0.0126789566971088
FBL	-1.631144089625	0.119290770681523	0.091953302400341
DSTYK	-0.783569828375	0.0460669154068865	0.0264610555759795
FDXACB1	-0.0396886760749999	0.92876638204644	0.919091732233456
TRMT112	4.658672438275	0.0154154189965032	0.00298059930289666
RSAD2	-0.491976106725	0.068151023909022	0.045434015939348
TUSC5	1.507683435375	0.0221121293343875	0.00807615603423286
EXOC8	0.022593642625	0.892557283670264	0.880603391478252
SEC62	2.175956244025	0.0145209205589101	0.00157234080523715
BLCAP	1.492213997125	0.0156157781998358	0.00309062276871751
ALPK1	-0.178354069225	0.328663202456507	0.289536630735494
PPT1	1.642667763925	0.100967936325603	0.0748244528127237
PRCC	1.025079946775	0.021702428462648	0.00788004842989003
MIF	-0.618773974975	0.186212650334921	0.154597109945218
MPC1	-3.176720873725	0.0145209205589101	0.000577431036597564
GNAI3	-0.810647768975	0.0409033448878168	0.0226429230628986
PTTG1	-1.325025585325	0.0169374425554897	0.00414457783779423
TTYH1	3.345384371675	0.0145209205589101	0.000458829749859099
TMEM97	3.099230074475	0.156108149665037	0.124282529867254
DDAH2	0.747041425275	0.0343850721026719	0.0170390312651633
PRPF4B	-1.225280725975	0.0213051637776955	0.00754557883793384
TSR2	0.924136058825	0.0250128336787768	0.0103484439902575
EDEM1	-5.234210361125	0.0730628230557513	0.0500132419726869
LRMP	-3.943791342925	0.0747944226552315	0.0517550692480396
C1QTNF8	-1.882862076475	0.261421360817813	0.225631531658232
NUF2	-3.722918938875	0.0485453866879942	0.0283181422346633
XPOT	1.590695509925	0.0185460673591302	0.00540926964641297
SOD1	2.224566666025	0.0145209205589101	0.00181699014347013
ZNRD1	1.689734747275	0.0158638188491495	0.00323840006485875
LNP1	-0.622215842525	0.0460669154068865	0.0264069478829033
WNK4	2.381479128875	0.0330767732302392	0.0158985085615584
TMEM44	-1.474718903775	0.0225068593742109	0.00878688153340549
RRP1	1.793308604375	0.021568161687627	0.00779920132454369
FAM98A	1.304350831575	0.0200579539436894	0.00671111318135424
TTC23L	1.875537876125	0.0145209205589101	0.0020922542970694
ESD	1.658134539475	0.0164622133735467	0.0036847935567962
NANOG	-1.059155169125	0.0383273093446372	0.0206465565219623
GPBP1L1	0.164374342675	0.409817367606166	0.370787142119864
AURKAIP1	-0.409047819325	0.10235781245727	0.0761590866497547
PCBP2	-0.632144616325	0.0476990894934577	0.0275405457194369
HEXIM2	2.601997153325	0.0145209205589101	0.00102039378009732
ENTPD7	1.022868454575	0.0450698423983375	0.0257541956561929
CAGE1	1.407681177175	0.0580922037378253	0.0369127544584098
PDCL2	-1.185097601925	0.0584422427061035	0.0372221426759112
EBAG9	-0.748424251375	0.0343749029876194	0.0169828389760263
HEMGN	-0.386208949525	0.115578992009793	0.0880601843884135
NOB1	-0.291542162275	0.239381547857608	0.20518418387795
PIM3	2.526939364025	0.0145209205589101	0.00150418400869397
SCUBE1	0.240332787375	0.301741502927293	0.264472835155023
THRAP3	1.082489649275	0.0205279887872368	0.00714813895269852
ISCA2	-0.625138363775	0.0591475734444311	0.0379354228490325
TEX12	0.283655374875	0.176128140804298	0.143890400746369
FIBIN	0.198756435025	0.551034775514709	0.513315133143166
ELOF1	-0.274628714475	0.183858638662877	0.151847536395679
CANT1	0.869999180025	0.0508882593728515	0.031123622920003
PERP	-0.864693906775	0.032027385772884	0.0150604968812966
CUL2	1.757894795825	0.0145209205589101	0.00202467075835347
CRYBG3	1.313327990875	0.113849159610464	0.0860501694723109
APMAP	0.562511273825	0.0538801694376723	0.0333543906042733
EPDR1	1.998858961125	0.0199905808034652	0.00651672656858842
CUTC	1.635778047675	0.0171886350649713	0.00437389374421146
PACS1	1.093788882525	0.020067696776915	0.00675626028341806
PDK2	1.049566779975	0.0248855673158167	0.0101838259104905
PRRC2C	-2.736470644025	0.0152179711092021	0.00289866116365754
SBNO2	2.115047001075	0.0379061881482626	0.0201564179712616
SSR2	1.669342544075	0.0145579836900288	0.00229935391074496
PTRHD1	2.585466955225	0.0145209205589101	0.00181230583804156
CYHR1	1.189047323925	0.020867904165115	0.00732860920084396
PLOD2	-1.671972883575	0.0213829992236406	0.00763427720497945
SPSB4	0.217630595575	0.576977857627864	0.540916741526123
CDYL2	-1.130541139925	0.279288316256689	0.243130453884172
NXPE4	-1.203142681075	0.0499928085192629	0.0302254151049208
MCPH1	-0.484164867775	0.173996502216453	0.141372158050868
KREMEN2	1.811823656925	0.0145209205589101	0.00205809620944682
SBK2	-2.005150513225	0.0185460673591302	0.00539522037251758
SPARC	-1.280887465675	0.0579301918180056	0.0364649868140124
EIF1AY	-1.680045234475	0.0260791867892726	0.0112731621739435
LSM12	-1.704842505575	0.0149403289237793	0.0027123811439004
FAHD2A	-2.765108570925	0.0145209205589101	0.000653455157600077
UBB	-0.409352553825	0.128448479323971	0.0995858001901621
DOT1L	-0.153971027675	0.501135279840177	0.460865480567306
LENG8	-1.008193359225	0.0238714531734021	0.0096977778516946
TNIK	0.072908373475	0.705298502131414	0.672762410515233
POLR3GL	0.072908373475	0.705298502131414	0.672762410515233
DCLK3	-2.676260307275	0.0145209205589101	0.000727385378640902
SF3B1	-0.908191953425	0.0475414683517653	0.0273787920418648
SSX4	1.951715244525	0.0152144367492461	0.0028753474213605
VWDE	0.962677189475	0.0300967091843748	0.0137495382732188
HIST1H2BL	0.516516131125	0.145578445390313	0.114166429643891
PRKAR2B	-0.232904689825	0.565304620768603	0.527449400627848
AP3B2	-0.916127895275	0.0250128336787768	0.0104559232239929
WIPF1	2.561328265475	0.0145209205589101	0.00102560719321181
EDC4	-1.178427883025	0.023356055173669	0.00934937327636455
BUD13	0.028455599775	0.927596883194309	0.916554063156282
C1QTNF2	-0.544501323675	0.0687100735462136	0.0462157042304889
BCDIN3D	1.927169485725	0.0145209205589101	0.00213924276091087
MFAP1	-1.821272614275	0.0185982771636161	0.0054798495214226
EED	-1.069698420525	0.0203734100549509	0.00706399485536245
CSN1S1	-1.008282187725	0.0221452353798832	0.00830036493290172
TAGLN3	0.544021655225	0.059787184724973	0.0387015258264334
ELANE	1.990884799625	0.0145209205589101	0.00158563004605511
FGFBP2	-0.867206313925	0.0287626347180392	0.013054469626491
SOX2	-2.395196394825	0.0145209205589101	0.00109677426715099
DYRK4	-0.074547432075	0.687781084244716	0.651959152773637
FLAD1	-0.511430544425	0.114630259650977	0.0871667599429304
TWF2	2.151763559025	0.014814105754424	0.00253842797938133
SHMT1	0.596472095225	0.121168832152763	0.0935812855465533
TDP2	-0.773703972075	0.0869315168752381	0.0625413262038169
ITPKC	-1.214840472525	0.0183504201086051	0.00527523336033986
RRAGB	1.663366679425	0.0173899677897677	0.00455507392014697
TP53TG3D	-3.661020857325	0.0145209205589101	0.00197359069952477
IMPACT	3.299768779925	0.0199905808034652	0.00640277304795855
MIIP	0.517836146075	0.116550081661549	0.0891469374613633
NEU3	-1.258429820775	0.0174303538341796	0.00469478280355135
LEF1	-2.263713576075	0.0156205962940406	0.00311482128482357
DET1	0.736186291875	0.0350065935398194	0.0176963640121994
RNMT	1.480922064725	0.0391689676857184	0.0212165241630974
ACTR3C	1.358000978825	0.0191922726623028	0.00576910577051365
TBPL2	-0.681213549175	0.0805640626443907	0.0568264370438113
CNPY4	-0.668078871475	0.0729769767096579	0.0498458814132931
IHH	-1.463012786175	0.0495084645977766	0.0296903440965833
F11	0.566907129875	0.114496749521301	0.0868948545474162
ERGIC2	0.488254201475	0.116564912384499	0.0893317408899061
TMEM50A	-0.00990761492500003	0.975261563108013	0.972358998932097
TPD52	-3.284776803675	0.0145209205589101	0.000557258872563678
IRF6	-3.040368925925	0.0503332708543047	0.0306343865765039
SH3BP5L	0.055368248125	0.795995857875551	0.764013881443051
CWC25	0.055368248125	0.795995857875551	0.764013881443051
CEP95	-1.643704212125	0.0215355184492981	0.00775535039394367
SRL	-0.425703953575	0.0869315168752381	0.0626635657595486
C1QL3	-2.541368583775	0.092979652466446	0.0680743884129336
TNIP1	-0.681213549175	0.0805640626443907	0.0568264370438113
TRAM1	-1.314295609825	0.0221452353798832	0.008502188583348
COLQ	-0.731973658475	0.0784198646925817	0.0543804418850344
NOL4	-1.314295609825	0.0221452353798832	0.008502188583348
NAV3	-1.463012786175	0.0495084645977766	0.0296903440965833
APEX1	-0.681213549175	0.0805640626443907	0.0568264370438113
GMCL1P1	0.693558911525	0.0550365967874451	0.0342340735969524
HEATR4	-0.681213549175	0.0805640626443907	0.0568264370438113
SFT2D2	-1.314295609825	0.0221452353798832	0.008502188583348
CLTC	-1.463012786175	0.0495084645977766	0.0296903440965833
LRTOMT	-2.065616420075	0.0314363204172356	0.0146422147181469
GAGE12C	-0.180143459275	0.330056686505232	0.291255379609528
AVPI1	3.485353018525	0.0145209205589101	0.000429838502519421
DPM2	1.907164679025	0.0145209205589101	0.00165962001080043
CEP57L1	1.207364341325	0.0379061881482626	0.0201100771401248
PGBD1	-0.261299114825	0.573029989509589	0.53551016876789
CDK5R2	-0.624574192925	0.0836956663857074	0.0595335246017383
SEC24A	0.319337875325	0.150529162078234	0.118720916520036
TCP11L2	2.046216675275	0.0199905808034652	0.00617783010822357
NHS	0.832334500775	0.0308372938053197	0.014179648490839
NCAPG	4.746394464175	0.0169374425554897	0.00415874705603541
PRRC2B	4.381758146825	0.0260791867892726	0.0113320275929577
EGLN2	2.093555714325	0.03354210395682	0.0163717412170193
LURAP1	1.448384190125	0.0261317674175907	0.0114326482451959
BABAM1	-2.299188559375	0.0199905808034652	0.0065990709507131
ELOVL4	0.877601317875	0.0794429709773645	0.0555627922014305
ZNF280B	2.012557046625	0.0145579836900288	0.00222032651245165
RUNDC3B	-0.338086035975	0.154955073790201	0.122903354658002
BCO2	0.933346584725	0.0697126540761907	0.0472012761974208
PROCA1	-0.774172399375	0.0349697025080335	0.0175368895017966
PRR14	3.109023569075	0.0145209205589101	0.000530719067136671
NOL4L	-0.181529593425	0.619360697931864	0.582493989721634
CTU1	0.507620787375	0.0639448957310183	0.0422493061079942
MPPE1	-0.842362542675	0.36652315954249	0.327252821020081
SEMG1	-0.771147683875	0.0333810329355277	0.0160944265939152
TFF1	-0.186840743825	0.310044361002693	0.272672942488975
ADPGK	-0.509053440775	0.0810778455552721	0.0573094890457653
TEX36	-0.783098088325	0.043304857545293	0.0246167493784255
MFN1	-1.236015105625	0.0188438310380527	0.00563632446227469
MOGS	-0.225222912625	0.242518239830981	0.208594557473671
TSSK2	-0.794933501475	0.0431794977762208	0.0244812331141966
SCAND1	-0.645364763425	0.0431793453975765	0.024403399908744
SPARCL1	0.428913349925	0.294946982482447	0.258078609672141
CENPQ	0.697808480575	0.0379061881482626	0.0201940704718423
INTS7	-0.850495776575	0.0368711774403779	0.0191488704266248
GINM1	0.712634173575	0.116710016050705	0.0897902950866284
TSN	-3.918698126525	0.014814105754424	0.00240861349590972
LDLRAD4	-0.804395158325	0.0882663081677572	0.0638982859795152
PDK3	-1.093319367425	0.390532966261563	0.350433599190063
XPO6	2.590819791375	0.0156157781998358	0.00308096759476057
TRAM2	-2.145412017625	0.0145209205589101	0.00183742929706865
WIPF3	2.280513807825	0.0145209205589101	0.00201060320620212
RINT1	-1.367312275125	0.0166798303774238	0.00383415662866867
ADSL	2.432186207525	0.014814105754424	0.00243345719412342
RAD50	2.310064217575	0.0145209205589101	0.00100579065863271
FAHD2B	1.061655535325	0.0237642061473153	0.00958348194333697
MPST	4.048156887175	0.0173878101132973	0.00451289292933796
VAT1L	-2.268226182525	0.0145209205589101	0.00107398594034046
RNPEPL1	0.352156919075	0.174721884531102	0.142221533985882
ORMDL2	-2.287663401675	0.0145579836900288	0.00231801228397781
GMNN	-2.254345788225	0.0145209205589101	0.00158974300775533
STK3	-2.806885856875	0.0250128336787768	0.0104592355115123
CDIP1	-3.006577359975	0.0602951758406737	0.0392995342532963
COQ10B	-2.208854391925	0.0628214975438278	0.041320092134482
PCYOX1	-1.795096631775	0.0330767732302392	0.015886160894344
FAM90A1	-1.793096995625	0.0158638188491495	0.00341204440953496
ETF1	-3.474904023475	0.200078806665629	0.16732781152691
CCDC174	-3.539776213975	0.186212650334921	0.154623004295961
THNSL1	2.011743500925	0.333475325409373	0.294768367995785
RIPPLY3	-2.057492316325	0.0145209205589101	0.00149479667833291
LDLRAD3	-2.891132014625	0.0494115837722197	0.0292380162428828
ITIH1	-2.440398571975	0.0397482380285437	0.021617853096426
CCDC79	0.329743911275	0.216087167797067	0.18168043125795
MZT2A	-3.457669923925	0.158811980817644	0.127144115595078
AXIN2	-4.833298244525	0.137961666797562	0.107371951986793
ADCK5	-2.079962757575	0.0287487953280797	0.0130054074103218
LUZP1	1.787128651075	0.0145209205589101	0.00193739884608097
HEATR5B	4.247701955175	0.0145209205589101	0.00182319059524633
TCEA3	0.212208132175	0.275714621093934	0.238788555768854
TEX2	-0.232058711675	0.34576676222572	0.307176721798742
PLOD3	-0.150108706275	0.805341976823022	0.776579763365057
ACOX2	2.121262606425	0.014814105754424	0.00260799910583102
SMIM19	-2.937804895225	0.114496749521301	0.0868379931143482
GLB1L2	-0.056451080775	0.831409770988317	0.807902649487159
RABEPK	-0.762519385625	0.225841723408976	0.191226102112659
IMP3	-3.364785012275	0.0152144367492461	0.0028680146369099
NEK3	1.735924679525	0.183781475514168	0.151419708306978
RLBP1	-0.514298022825	0.0675298350278095	0.0449193991926054
WIF1	-0.202549182275	0.473406663467537	0.433956108178576
LOXL1	-0.066288113175	0.861212480236546	0.84455211975578
SMAD3	1.003458424275	0.0221452353798832	0.00838682545272451
AP1AR	-0.530799324825	0.0597142977419892	0.038476623396252
TRIAP1	-1.268103010925	0.0228866704301862	0.00909336459056507
SERINC5	0.103767330725	0.832265553261459	0.809972725941956
OBFC1	-3.958979952425	0.0158638188491495	0.00335845559318791
NXF1	3.154557454725	0.0145209205589101	0.00123853012465597
RGS7BP	-0.611725775475	0.0494362215351513	0.0293527565364961
ODF3L1	-2.385939234425	0.0145209205589101	0.0012767789461667
N4BP2	-0.946453779875	0.0693407452409736	0.0467430916579777
DMTN	3.084669856125	0.0145209205589101	0.000480168989328022
SUPT20HL2	1.611133648175	0.0158638188491495	0.00320458363431351
USB1	0.922289608875	0.0858899374907295	0.0613499553505211
MFSD13A	-1.098272279075	0.0199905808034652	0.00660403115828761
CLTA	-0.946760674775	0.0415904355101839	0.0232089483873794
ZNF346	-0.492848091275	0.136347467821796	0.105912765183002
BRK1	-0.421633829125	0.142728212165725	0.111506415754473
H3F3C	-0.932316457975	0.0250280442828458	0.0105400841250675
DNTTIP2	-0.911393802025	0.0261317674175907	0.0114293204482046
RAB40AL	-0.534789111575	0.0687100735462136	0.0460129094059152
MSLN	-0.677640973725	0.0397482380285437	0.0218260414174592
PNISR	-0.747070303075	0.0349522802326155	0.0174761401163078
AP1S1	-0.487805961725	0.0869082613216147	0.0623359850550867
STRIP2	-0.925692739775	0.0260791867892726	0.0112605572035799
YBEY	-0.916953180775	0.250633569837064	0.215947674011399
TCP11	-0.339562166325	0.181735964532159	0.149012673299434
PNO1	-0.710779037175	0.103171224047872	0.0770713608214758
GATSL2	-1.226521428775	0.0587528529982873	0.0375074016908709
GBE1	-0.757495067725	0.0591475734444311	0.0378488207967984
AIMP1	-0.404545501775	0.267087466619025	0.230919372181032
SPOCK1	-1.449724951175	0.020067696776915	0.00677882019101146
UNC80	-0.497244232675	0.303488493515531	0.266455671390124
DDN	-0.661154717975	0.0494115837722197	0.0292426012178109
SF3B6	-1.586172319875	0.0173899677897677	0.00462461112702709
H2BFS	-1.382890524475	0.0191985060316058	0.00579954869704759
SBK1	0.311414930125	0.224361907211076	0.189639231095076
WDR47	-0.366309954575	0.155812419865456	0.123815226500229
HIST3H2A	-0.660927205925	0.0479017447610696	0.0277288373691311
USP6NL	-0.927171773775	0.0330546097686352	0.0156923952392309
DOPEY1	0.095187351875	0.655067341836546	0.617050040747818
ABT1	0.758698605325	0.3585033401734	0.319558780898611
HIST1H3I	-1.334182834625	0.0169843910005534	0.00426170342849852
CCDC17	2.159630710375	0.0145209205589101	0.00135737084851238
NHSL1	-0.474694266575	0.17059316256961	0.138099226842065
HEXB	0.182482439825	0.517519616364091	0.479013692527477
SPA17	1.354559482525	0.0283571159801731	0.0127016248661192
ZNF804A	1.236105830575	0.0185870320800043	0.00544887696392982
TEFM	2.219205501975	0.0145209205589101	0.00112320935404102
PHAX	-0.777565616675	0.0330546097686352	0.0157402903660168
LUC7L3	-0.955633303075	0.0336477706252755	0.0165234587891978
ST13P4	-0.570594920575	0.430750309784494	0.392290460696593
FAM26E	-0.488004507325	0.0867144444787366	0.0620679282652862
SF3B2	-0.695040571975	0.0382747973767016	0.0205060796038107
PLN	-0.811464468925	0.0397482380285437	0.0217726640746295
SPIRE2	-0.867144256725	0.0513032864845619	0.031530144818637
PROM2	-0.695657393125	0.0834590337355359	0.0592410105533491
FBLL1	-0.433840766875	0.549971572902955	0.511506299202897
NBN	2.249117459175	0.0145209205589101	0.00141495834144657
XRN2	2.685511286275	0.0145209205589101	0.000951833038382106
RIPPLY1	1.354805561425	0.0167211525558886	0.00393146146403333
PHKG1	-0.560954977325	0.0958153631800649	0.0704356985282025
APLP2	-2.317065860325	0.0145209205589101	0.00172041286207327
TAF9B	-0.883710245275	0.0329575480460439	0.0155959825575029
AP5Z1	2.424364061875	0.0145209205589101	0.00130323119528796
DHCR24	1.211040015825	0.0202505260501691	0.00693098361836145
TFF2	3.770197841675	0.0183504201086051	0.00521782452909442
NACAD	1.210211227925	0.0187603336424574	0.00558343263168374
ERO1A	-0.631012914525	0.0505616018981854	0.0308485963962143
STK39	1.942287398325	0.0154154189965032	0.00298214950825211
GOT1L1	0.733026770925	0.0687100735462136	0.0460754073717566
HIPK1	-0.195359743075	0.383056482853988	0.343154765890031
FCER1G	1.374021787625	0.0173878101132973	0.00452807555033783
LRRC1	-0.042221822975	0.806051028578533	0.778462972540875
EEF1A1	0.952669921375	0.0255168675518077	0.010868308184931
SS18	-0.507802970125	0.074759427585218	0.0514184589226715
MLF2	2.782008108075	0.0158638188491495	0.0034229966266766
AMER1	0.149937954875	0.535828977939904	0.497555479515626
FAAP100	-0.981027704425	0.0499928085192629	0.0300741443686997
FMN1	-1.038652404025	0.0397482380285437	0.0217168406102661
TEX33	1.316467540875	0.0178322378055732	0.00498878081465442
RNH1	-0.638933373225	0.0481403349167437	0.0280102246316172
TMEM14C	0.552141264075	0.150843652066699	0.119193421499132
TMEM248	-3.176720873725	0.0145209205589101	0.000577431036597564
AUTS2	-0.147512296375	0.404861076795665	0.365700407165132
AP5S1	3.419115840425	0.0145209205589101	0.000979789492141131
ODF3L2	2.267993969175	0.0158638188491495	0.00325357136929286
BAHD1	-0.701293685475	0.22995747094966	0.195395410583714
CSNK2B	0.270779258325	0.18484387258066	0.15293629933757
AUNIP	-1.101725316075	0.0287487953280797	0.0129413070565032
PHKA1	-0.476275894275	0.0950176540993784	0.0697078920699309
GUF1	1.503684672425	0.0293500585350296	0.013364758797201
GATA1	-1.030010402325	0.0980017418529987	0.0721887830613606
TMUB1	2.064487739775	0.0145209205589101	0.00176688836730807
SUGCT	2.159847265075	0.0145579836900288	0.00229658661616122
EIF1AD	2.796674080875	0.0145209205589101	0.00107017226732081
CRCP	0.379011659075	0.393843549585099	0.353990333258035
LRRC40	-0.688303951875	0.0698180528477193	0.0473765358609524
ASRGL1	-1.693978985325	0.0250128336787768	0.0102952322420724
RRM2B	0.864614760075	0.0575508045551238	0.0360548939251594
GPI	-0.321712272925	0.617983695324617	0.580279332961062
SMARCA2	-1.498469306475	0.0178322378055732	0.00497631663961055
GTF2H2C	-0.059747862925	0.827184601709488	0.802566012372896
COQ5	3.505918950275	0.0168146799042259	0.00397847337019631
ZNF326	-0.778467230925	0.0832503826332928	0.0589690210319158
LACE1	-1.397101062475	0.0308897484019794	0.0142497351259131
FOXRED2	-1.116381997075	0.0199905808034652	0.0064420310516117
PAPSS1	-4.380923862375	0.107088565140634	0.0801570658716351
CYB5R1	-3.997740637925	0.0580121423448962	0.0366892269294358
PCNX3	1.458800138525	0.0169843910005534	0.00423294218245999
SMIM17	2.189598043225	0.0145209205589101	0.00130002964727361
PROSC	1.386358512675	0.0225068593742109	0.00880848811818075
FAM83D	0.935781822925	0.0250280442828458	0.0105139575680255
MSL3	2.368898816375	0.0206570303390204	0.00722381269296102
B4GAT1	1.441767860975	0.0183504201086051	0.00528521259848449
KLHDC8B	-0.653927512725	0.504337086891591	0.465010137895869
SNCB	-1.033811422675	0.0491540146868578	0.0288094930444161
TYMSOS	-0.743521865575	0.0491540146868578	0.0288926127995667
SEC24D	1.445164875025	0.0213829992236406	0.00763678543701448
TMEM9	-1.557281668675	0.0403407484825003	0.0222114240156623
CNDP2	4.927030201325	0.0145209205589101	0.000175850222071772
PRPF31	0.911503620225	0.0264849567628532	0.0117448171359081
DCDC2B	1.436080326325	0.0255168675518077	0.0108978288502512
NEDD4	-0.316469711775	0.216281032345646	0.182165274267315
PPP4R3A	1.241248943725	0.017828545137957	0.00486134148351174
PDZK1IP1	1.084102051425	0.0202454549259689	0.00687378121047341
SRPK1	0.126847296175	0.515321561153553	0.476212335530293
TNIP3	-0.377621508275	0.226881660082063	0.192444265248178
TM4SF4	-1.820469280125	0.0145579836900288	0.00220679221006288
RALGAPA2	-0.554766861925	0.0553744574763392	0.0345266334562294
SFTPB	-2.378684375475	0.0202454549259689	0.00689912080066499
NPL	2.681029040125	0.0145209205589101	0.000687889647462772
ACY3	-1.400916834575	0.0215355184492981	0.00775357019333099
FRA10AC1	-1.761281915625	0.0199905808034652	0.00648588573112253
CENPH	-0.00892209477499997	0.975261563108013	0.971043474833218
CTSV	1.373691719825	0.0169843910005534	0.00429664653287809
AASS	-1.105736283875	0.0200421033018242	0.0066508765421232
PGR	3.345384371675	0.0145209205589101	0.000458829749859099
PYCR2	3.164838931725	0.0156157781998358	0.00305959711642165
M1AP	3.244024911525	0.0169374425554897	0.00411540279773346
THEMIS	0.365212584125	0.677564890686075	0.641266771542178
KDELR1	0.701427079925	0.0379061881482626	0.0201456652668469
NCLN	-0.00856250262499997	0.975261563108013	0.968749620749342
NUPL2	-0.965235958325	0.0310802884763269	0.0143838835061573
FUK	0.642554942675	0.0534382589735158	0.0330013057648944
ETFDH	-0.048799355175	0.837713479311068	0.817767920279852
PP2D1	1.520786868925	0.0164622133735467	0.00373932231790917
TCEB3CL2	-1.107186251925	0.0199905808034652	0.00650410512971171
AVL9	0.00852589907499999	0.974427823808991	0.965727575382125
AMOTL2	-1.449638001475	0.0431793453975765	0.0244168917426772
XPO1	2.689453375275	0.014814105754424	0.002601004057848
TMEM204	3.076888061475	0.0145209205589101	0.000701552907503546
CCDC85A	2.071074597225	0.025936176009447	0.0111155040040487
B9D2	-0.821111794425	0.0350065935398194	0.01767192757374
PDDC1	1.578693134925	0.0149403289237793	0.00270802302044524
HCLS1	0.074138316525	0.673127303476801	0.63606523468418
NOCT	0.588153039525	0.0499928085192629	0.0302783825406845
DLGAP5	-3.610047276275	0.0145209205589101	0.000474486626902847
TKTL2	-6.038641146925	0.0145209205589101	0.000146880380305755
JPH2	-3.351546319675	0.0145209205589101	0.000506723373265488
RSPH6A	0.531648125775	0.066870100168246	0.044381048623568
HIST1H2BA	-0.741656149125	0.0430760022786227	0.0242302512817253
ACYP1	1.779554973825	0.0145579836900288	0.00218951309253375
MAP1S	0.030645374375	0.86260359060563	0.847199955059101
GCFC2	1.644941898825	0.014814105754424	0.00258622881886566
DPCR1	-0.747135562975	0.234722712180966	0.200841606404845
SPOCK3	0.0668393569249999	0.799841464668885	0.768895217523958
H2BFM	-0.205031825025	0.397778491444287	0.35871096103458
XRCC5	0.559833659375	0.0544928761154468	0.0338147758037817
CRNKL1	-0.585838657025	0.0620300091435571	0.0406148869392338
KPTN	0.848819217625	0.0511419581643568	0.031354891017433
TOR4A	0.686632433375	0.0491540146868578	0.0288374992239056
VIMP	0.039879517125	0.845082065697184	0.826218626730729
NIM1K	1.172404054225	0.0211751565321761	0.00746802395554426
GLB1L3	2.740653138475	0.102837609534316	0.076669110679602
STXBP3	-0.539601334125	0.0637439518713013	0.0420216825580156
NFXL1	0.948432844475	0.0598207446404033	0.0388533896514039
MUSTN1	-1.017438926275	0.0225068593742109	0.00880028546750174
ASTE1	0.651952127675	0.0882663081677572	0.0639668036870502
SREK1IP1	0.654283227075	0.115932280191351	0.0885018746103617
MOK	-1.069510948875	0.0203734100549509	0.00706161494538867
TICRR	-0.295011548125	0.232517399838393	0.198262604326487
SRFBP1	1.081802775175	0.0203734100549509	0.0070495519895905
H1FX	-0.045001718525	0.836821361173629	0.815651773167748
NCKAP1L	2.484093310725	0.0158638188491495	0.00342086226911865
PKIA	-1.111391079325	0.0361976074018749	0.0184758621113736
TBC1D13	-0.669110035375	0.047931452631263	0.0278173609020723
IDO1	0.313305380025	0.147734777351977	0.116297168480946
MORN1	1.174363093775	0.074759427585218	0.0515083556130297
DSCC1	0.660218951225	0.0694262800258251	0.046904064184114
MPI	0.331579767325	0.239562695995005	0.20569594581714
L1TD1	0.459131718925	0.0922689674467623	0.0672794554299308
MECR	-1.384616124425	0.0164622133735467	0.00372350561576106
MSRA	-1.471759158525	0.0163465662994081	0.00360013662546488
OPA1	-0.376434130025	0.337071096877625	0.298949960921227
GAGE2D	1.007745214925	0.147734777351977	0.116124247992278
TXNDC9	-0.153956476825	0.700774598253999	0.665318740604244
TUFM	-0.264042695525	0.380208913519862	0.340038031287853
AGBL5	-0.376935739175	0.113849159610464	0.0860645432769581
PDS5B	-1.462680680125	0.0158638188491495	0.00333172218765679
UFL1	-0.744225451325	0.0494115837722197	0.0292645987222372
PRKACA	1.804878855675	0.0145209205589101	0.00188985907041738
YRDC	1.056854881575	0.0224970147359889	0.00870420212999571
CERCAM	2.636302185725	0.0145579836900288	0.00231015964997814
SIAE	2.889788636775	0.0145209205589101	0.00146491022132294
IDI1	-1.446822310325	0.017828545137957	0.00490815602756255
XAGE1A	-0.139116006125	0.504337086891591	0.465311002786884
CHEK2	0.413207383725	0.165714564385121	0.133656687346332
MUS81	-0.102962009175	0.720957379089647	0.688771781808859
SPRTN	-1.382958961325	0.0167211525558886	0.00392434559835866
NAGA	-0.890229899025	0.088667880664734	0.0643897704827235
TUBGCP4	2.322912310925	0.0145209205589101	0.000991868109921719
LRRC18	-0.873578149525	0.0269436227521386	0.0119883083376331
HIST1H1E	-0.028050394425	0.863782903993876	0.850713000358228
FTCD	-0.524914665275	0.0647052075341391	0.0428479424891249
CENPT	-1.423682625825	0.0158679515814144	0.00345952263523946
TFPI	-0.831846805575	0.03354210395682	0.0162494522476959
GPRIN1	-0.501312737375	0.283602248267035	0.247307912923337
NELL2	0.300040825575	0.498775587228351	0.457953180535554
NEDD8	-0.236799382775	0.231454402455129	0.197011783042164
MFSD1	-0.641943270125	0.0573941631970795	0.0358713519981747
AOC2	-1.194304636725	0.0221452353798832	0.00845195146041736
EEF1E1	-0.415776023275	0.181735964532159	0.148889477467375
MYADM	1.169146933625	0.0238714531734021	0.0096791622117924
CARF	-1.101613606225	0.0250632786516509	0.0105922189539715
HBEGF	-0.782390262125	0.0441149746847808	0.0251429096789748
QRICH1	0.295516274075	0.173060126997183	0.140353823234323
THG1L	0.436125706125	0.08370248027057	0.0596629286452426
MTAP	-0.924919563675	0.221364234321342	0.186776072708632
GOT2	-0.622259796325	0.0526441550882176	0.032432559831134
CRYGB	1.123188251975	0.0199905808034652	0.00637921320397543
ATOX1	-0.169000807525	0.453215892910585	0.413424616598494
BTF3L4	0.791231154225	0.0598207446404033	0.0389012878093099
P3H4	-0.697328343175	0.0747944226552315	0.0517324628238065
AHSP	1.940659008625	0.0145209205589101	0.00159105442305667
HIST1H4K	0.731107807325	0.0382747973767016	0.0204949732371963
FNBP4	0.665663603525	0.0420583892699335	0.0235326701867485
HPX	1.386029159925	0.0199905808034652	0.00620897400705822
MAK	1.470057013325	0.0358974232867286	0.0182692243512815
MCM10	0.036914624725	0.863782903993876	0.850928991732062
PYM1	-1.715015691875	0.014814105754424	0.00255360979542098
NAV1	-2.552115448975	0.0221452353798832	0.00827009137761127
NADK	-0.625034313175	0.0580922037378253	0.0368535143775758
TGOLN2	-0.319229853075	0.157264487099387	0.125671174958885
TRMU	-0.377229969075	0.11087907974597	0.0833243084400517
TTBK1	-1.517670292275	0.0164396055789737	0.00364509111795698
PIH1D1	0.773485413425	0.0379061881482626	0.0200978949148382
NRXN2	1.458507896525	0.0169374425554897	0.00412855767662883
SZT2	1.856013463475	0.0145209205589101	0.00210815235174883
CEP131	1.142319787925	0.0197584112150873	0.00600933660166639
PAM	2.204669444625	0.0149403289237793	0.00268916298883814
FAM3A	-0.157250839575	0.467562122884679	0.42790283567571
THEM4	-3.030663053775	0.0145209205589101	0.00111084085203091
CASC2	-0.888050645975	0.0264849567628532	0.011677627903479
LARGE	-2.101890950025	0.0308372938053197	0.0141714041399502
NPRL2	-1.148945830575	0.0199905808034652	0.0063291301331669
SERP1	2.446515624875	0.022799598009432	0.00902484087873352
TNIP2	2.101421619575	0.0145209205589101	0.00132554535079532
MTR	2.772680210725	0.0145209205589101	0.00068331583569538
MARK3	3.169602054175	0.0145209205589101	0.00175192114282201
SYBU	2.426801259675	0.0145209205589101	0.00160208278054364
CTSG	4.172203839775	0.0158638188491495	0.00330547094168698
NNT	3.143403087225	0.0260791867892726	0.011324467312664
SRRD	0.634529245275	0.0626565821522493	0.0411183820374136
GNMT	0.614893568475	0.215206597071333	0.180619822542012
TNXA	-0.923611480325	0.183781475514168	0.15096392668177
SMOX	-1.803289271825	0.0183504201086051	0.0052975915194485
EBF4	1.614448836725	0.0223019767115865	0.00859555352425731
TSPY8	-0.408569294975	0.0982190370172462	0.0724950035127293
IQUB	3.969947609425	0.0145209205589101	0.000628515619535963
TM6SF1	4.297649277625	0.0145209205589101	0.00020698735284903
CCDC93	-0.350432882725	0.186236046170707	0.155196705142256
TMEM135	-0.350432882725	0.186236046170707	0.155196705142256
RNASEH1	0.925930514325	0.0264849567628532	0.0116289140340849
PET100	1.603593461575	0.0168965614641267	0.00402299082479207
LRRC37B	2.808803158975	0.0145209205589101	0.00138796910254979
TMEM127	1.584470630325	0.0221452353798832	0.00817530465976902
SUMF1	0.760805800475	0.03354210395682	0.0163239373772711
NIPSNAP1	2.240454143425	0.0221452353798832	0.00832194724200239
NEMP1	3.387540031075	0.0145209205589101	0.00114093862836608
SYCP3	3.762193676275	0.0349522802326155	0.0174580066385527
RSRC1	3.216866026475	0.0145209205589101	0.00165326316723548
CCDC30	1.589972227925	0.014814105754424	0.00262333122734591
ECHDC3	2.185393810375	0.0145209205589101	0.00117284106960663
XPO4	1.002331236425	0.0234700970439334	0.00942994970515183
ACAA2	2.796964072975	0.0173878101132973	0.0044999333126937
MRE11	3.387540031075	0.0145209205589101	0.00114093862836608
TP53	0.954217693725	0.0369748724320584	0.0192605005618382
SURF2	1.348013765025	0.0499928085192629	0.0301446866004485
CAPRIN1	-0.491598039325	0.156500231044526	0.124827565237896
CFAP36	1.277709397175	0.0178322378055732	0.00497680568437632
CHD8	2.467480170475	0.0145209205589101	0.000866492891484928
CSE1L	2.173370876875	0.0152144367492461	0.00283466479139961
UROC1	-0.327643948325	0.397777655581662	0.358118276230514
RHNO1	1.195269598325	0.0198229076460029	0.00607666514148305
MAD2L1	3.372176726525	0.0145209205589101	0.00195152871381403
PDPR	2.662936302025	0.0145209205589101	0.00081999174934403
EXOG	1.732520931725	0.0167211525558886	0.00391898559974312
NXPH2	1.743778338525	0.0350065935398194	0.0177116693505038
CAMKMT	-0.315512842625	0.183781475514168	0.151510323563764
XDH	0.761977171625	0.03354210395682	0.0163444156294319
EVC	2.106727402675	0.0145209205589101	0.00142171444508828
NKAP	2.201289926075	0.0145579836900288	0.00225935302093441
ABAT	4.022065814025	0.0145209205589101	0.0002432960464582
SWI5	-4.123361520525	0.0145209205589101	0.0017205551851593
FUNDC1	0.565719446475	0.232565964601334	0.198650094763639
NCOA6	-1.911602286325	0.0145209205589101	0.00167120105668889
MIPEP	0.348702980825	0.533688280338225	0.494773509896896
CGB1	1.818518143875	0.0169374425554897	0.0040636654308389
FGF12	0.616158086725	0.0794429709773645	0.0554585584097808
PRAM1	-4.521312558675	0.0145209205589101	0.000505496883805277
OMP	-1.761445393975	0.0145209205589101	0.00201690820367757
MTCP1	2.603270435175	0.0145209205589101	0.00110696635486254
MARVELD3	1.333842494325	0.0227344360449084	0.00896521659509037
WTAP	-0.356698325175	0.127996358537895	0.0990448012495613
RANBP1	0.722514610975	0.0362088794848106	0.0185805734900829
HDHD2	0.974848144575	0.142164217723155	0.110854241200793
MRTO4	1.756457280525	0.0145209205589101	0.00202551310058485
MTERF3	-4.196404233725	0.0199905808034652	0.00654807045795674
HYAL1	1.642872990425	0.014814105754424	0.00241629269779966
VPS39	0.204086159575	0.278957787655409	0.242427601176725
TP53I3	-2.648681882575	0.0145209205589101	0.00184943414978292
STK38L	-2.648681882575	0.0145209205589101	0.00184943414978292
RRAGC	2.522217794275	0.0344110348952789	0.0171031036533083
ATL1	-2.866104388625	0.0145209205589101	0.00120290908636891
AP1G1	-1.068416655775	0.0221452353798832	0.00821961424672688
BMPER	-1.181992683625	0.018697179329893	0.00553681352179866
ARPP19	1.941134315425	0.0145209205589101	0.00158291104290725
PGAP1	1.508118470225	0.0200579539436894	0.00671583279364601
SMCO3	-0.632660846675	0.10235781245727	0.0760304894971661
TSACC	0.483546637125	0.0701445209482815	0.0477024495139355
MASTL	-1.038404146525	0.19543625420921	0.163154372933582
KLHDC2	-0.872825314225	0.0368711774403779	0.0191200486140969
ERH	-0.188496560775	0.430750309784494	0.391709088972444
PTMA	2.144658152425	0.014814105754424	0.00261683732064355
LEFTY1	2.154799912225	0.0145209205589101	0.00176215748369917
SRGAP3	1.162067080675	0.152796212135808	0.120963667940848
NOXA1	-0.596077721125	0.0687100735462136	0.046133601708422
STRIP1	-0.960705170075	0.0264849567628532	0.0117246785307189
PFN3	-0.893943825025	0.0369748724320584	0.0193677903215544
ENTPD4	2.556852807925	0.0145209205589101	0.00194789584669971
CINP	2.702557698675	0.0406569090432812	0.0224460018676448
BASP1	-3.673863336125	0.0145209205589101	0.000375209502830996
ENDOD1	0.596912490375	0.0495084645977766	0.0295958158861448
GAA	2.115047001075	0.0379061881482626	0.0201564179712616
CLSPN	0.348524297775	0.283985932626553	0.248065092934206
RNASEH2A	0.000672933924999987	0.997007231474624	0.997007231474624
KDELR3	-1.500908199725	0.0254968060783102	0.0108133775778548
NACA	0.121118677325	0.857827538793666	0.839956131735465
LBH	-1.042810019475	0.0397482380285437	0.0218195742975662
FAM57B	0.119287331225	0.701483079133699	0.667035249354812
GCKR	-0.939850633675	0.0248855673158167	0.0101491690105393
RIC3	5.141158447475	0.0145209205589101	0.000130784873815273
OGDHL	-0.597445548225	0.0605472045489746	0.039553902971726
SMARCA5	-0.095737853725	0.574517283369013	0.537755016724865
ABI3	2.520861498775	0.0145209205589101	0.000839498314301206
SOGA3	1.677747662625	0.014814105754424	0.00250543002409368
SF3B3	1.636297542075	0.0158638188491495	0.00341119529829342
PSAT1	1.978878281275	0.0183504201086051	0.00520308472936699
DPYSL3	0.819835534075	0.0369748724320584	0.0193414003620313
PQLC2	2.695833441525	0.0145209205589101	0.00147210856074227
CSN3	-0.648734844175	0.0430760022786227	0.0241731970682288
MICALCL	-0.732975256525	0.0382747973767016	0.020561312281234
UEVLD	0.00913046942500001	0.975261563108013	0.970878464559237
FTL	0.188126807975	0.352124646265106	0.313349015575199
DMRTC2	0.0728828395749999	0.805341976823022	0.775580143265086
SEL1L3	1.840900194125	0.0145209205589101	0.00181811427565184
BZW2	0.223841131725	0.276122308734232	0.239552538678656
MOXD1	2.732933144075	0.0145209205589101	0.000736277756457263
PIP4K2A	2.036815205775	0.0145209205589101	0.00148196714402126
NUCKS1	0.940587891725	0.0869315168752381	0.0627407525066823
NAPA	-1.900099441325	0.0145209205589101	0.00166513697297479
CHRDL1	-0.326411647575	0.162342823439013	0.130212472966708
TRAF3IP3	-0.179587801375	0.334485355975928	0.29615890893702
TCEB3CL	-2.675256934625	0.0746685201188942	0.0512234937125152
MISP	-1.325096181075	0.0580121423448962	0.0366161829539657
NATD1	1.037470846825	0.0230513645834745	0.00919310373269519
CBWD2	1.138492035525	0.0412979049767886	0.0229842506864865
TLK2	0.127469206425	0.46307964694982	0.423111463135698
SYS1	1.591108427075	0.0173899677897677	0.00463214915828634
OPALIN	-0.608330086675	0.0593989455250629	0.038185036408969
SWSAP1	-0.325118476725	0.164269790289904	0.13224695914708
IMMP1L	-0.917732479675	0.0250128336787768	0.0103136318357251
EIF2B1	-1.019411886375	0.0313953786460259	0.0145764257999406
EXD1	-0.120268363275	0.658706384480532	0.621458106786692
ZFR2	1.554691223575	0.0166798303774238	0.0038472823043165
AAR2	0.547436154025	0.059787184724973	0.0386284595203023
GDF6	1.254871566125	0.0199905808034652	0.00656663868904661
VASH2	3.624405413775	0.0145209205589101	0.00071901455000612
PTER	1.299341480325	0.0182886295395207	0.00514367705799021
GNL2	1.957031375075	0.0325873913662643	0.0153723259867645
MFAP5	-1.279079089775	0.0412979049767886	0.022939073057168
PRODH	1.318362569975	0.0199905808034652	0.0064829270204251
DKKL1	-0.396942924775	0.107780340147533	0.0808352551106496
CHAT	3.364397079375	0.0174303538341796	0.00467723889025624
TTYH2	-0.709496870825	0.0386795789804828	0.0208938797171358
SLAIN2	1.548408946675	0.0158638188491495	0.00341939576016085
CTSC	1.563034826375	0.0152144367492461	0.00280314274007462
AHSA1	-0.350099286325	0.424416027299385	0.385258596209263
GOT1	0.623450707325	0.166634811143826	0.134646878647467
LOXL2	-0.039109909725	0.823753790248973	0.798011484303693
FPGS	0.473346370275	0.0724092561267372	0.049350356110187
ATL2	-0.039109909725	0.823753790248973	0.798011484303693
DOLK	1.779559693775	0.0145209205589101	0.00213372928557312
ECEL1	1.175554666475	0.0790097435662041	0.0549070688175853
RGL3	0.484949472225	0.145126997151524	0.113596429318008
HIST1H2BL	0.527373546775	0.111736887401545	0.0841352158112823
EBF3	-0.998967062925	0.0287487953280797	0.0129698801811885
CAST	0.015533863475	0.977040437435446	0.975586508213072
GSKIP	-0.895491695025	0.0358974232867286	0.0182674409017181
